{"cameraMode":{"drawMode":0,"name":"Shaded","section":"Shading Mode"},"sceneLighting":true,"audioPlay":false,"sceneViewState":{"showFog":true,"showMaterialUpdate":false,"showSkybox":true,"showFlares":true,"showImageEffects":true,"showParticleSystems":true},"in2DMode":false,"pivot":{"x":1.75,"y":1.0800000429153443,"z":-12.600000381469727},"rotation":{"x":-0.0922265574336052,"y":0.9020127058029175,"z":-0.2397710233926773,"w":-0.3469541072845459},"size":13.890678405761719,"orthographic":false}